,,,,,,,,,,,,,,,,,,,,,,,,,,,
,,,,,,At least 1 out of Industry mentor or Alumni Mentor or Faculty Co-Mentor from outside MRU is required.,,,,,,,,,,,,,,,,,,,,,
S.No,Name of Faculty,Designation,Problem Statement,IDPaspectInproblemStatement,facultyComentorFromMRU,industryMentor,alumniMentor,facultyComentorOutsideMRU,DisciplinesInvovled,"Expected Outcome
1 or more out of the following:
Research paper
Copyright
Prototype
Patent
Product
Startup
Innovation
Newspaper Article
Vlog/Blog",SDGs,State the Expected Impact on Society or Industry or Contribution to New Knowledge,,,,,,,,,,,,,,,
1,Prof (Dr.) Sugandha Singh,Professor ,Smart Vertical farming,"An indoor, multi-layered (03) agricultural system that utilizes technology to optimize plant growth conditions, enabling year-round, high-yield food production in controlled environments.",Pool is open,Looking for,NA,"1. Ms Bhawana, IIT Gawhati, 
2. Dr. Nitesh Kumar Chourasia, Asst Prof, 
Department of Physics, School of Energy Technology, 
Pandit Deendayal Energy University, Gandhinagar
3. Dr. Nitesh Singh, Asst Prof 
Department of Plant Protection, Faculty of Agricultural Sciences, 
SGT University, Gurugram","CSE, Agriculture, IoT, Mechanical","Research Paper, Patent, Prototype, Product",SDG 2 and SDG 12,"Promote Agriculture, sustainable environment, economic prospects, water conservation, land conservation",,,,,,,,,,,,,,,
2,Prof. (Dr.) Sachin Lakra,"Professor,
Assoc. Dean-Academics (Engg. & Mgmt.)",Developing an activeness measure of the hydrogen atom.,"Activeness measures are holistic measures from computer science which can be applied to any system to find the degree of readiness of that system to respond to external stimuli.
Disciplines involved: Computer Science for Simulation, Physics for the Hydrogen atom, Chemistry for the Impact on Climate","Dr. Dinesh Kumar Sharma, Physics
Dr. Vinayak Vandan Pathak, Chemistry",NA,NA,"Dr. T V Prasad, Godavari Global University, Rajahmundry, Andhra Pradesh","CST, Physics, Chemistry",Research paper,SDG 13,The project will contribute to the creation of new knowledge and insights into the working of an atom as a holistic system.,,,,,,,,,,,,,,,
3,Prof. (Dr.) Manpreet Kaur,"Professor,CST
",An AI powered Chatbot for Legal information retrieval,"This problem requires an interdisciplinary solution that combines expertise from legal studies, to ensure the accuracy and reliability of legal content, and computer science, specifically in natural language processing (NLP) and machine learning, to enable the chatbot to comprehend and generate human-like legal responses.
Disciplines involved: Computer Science & Engineering , AI & Natural language processing and Law",Dr. Tarundeep Kaur,"Dr. Ritesh Srivastav,
NLP Engineer,
Oracle India Pvt Lts","Mr. Sarthak Rastogi,
AI Engineer
Time and Space Labs
","Dr. Priti Bansal , Assistant Professor, NSUT","CST, Law",Prototype,16,"This chatbot will  access to legal information by offering round-the-clock, cost-effective, and user-friendly assistance promoting legal awareness in society ",,,,,,,,,,,,,,,
4,Dr. Chandni Magoo,"Asstt. Prof., Assoc.HoD-CST",AI based Smart IoT Powered Food Freshness Monitoring and Waste Reduction System.,"The AI based and IoT Powered Smart Food Freshness Monitoring and Waste Reduction System is an IoT-enabled Smart monitoring system that can be embedded in refrigerator that employs sensors, a camera, and a Raspberry Pi integrated system to with deep learning algorithms to monitor and predict the freshness of food items (fresh or rotten). The system will provide alerts and status updates on a built-in fridge display and thus enabling users to reduce food spoilage. 
",Nitu Chauhan,NA,NA,Ms. Mrinal Manjri,Electronics and TeleCommunications,"Reserach Paper, Prototype,Patent,innovation","SDG 3 (Good Health and Well-Being) , SDG 9 (Industry, Innovation and Infrastructure)",,,,,,,,,,,,,,,,
5,Prof. (Dr.) Jyoti Pruthi ,"Prof., Admission Chairperson             ",,,,,,,,,,,,,,,,,,,,,,,,,
0,Prof. (Dr.) Parneeta Dhaliwal,"Professor, Director-IIC ",AI based Milk Bottle for Kids,"The AI-enabled milk bottle for children integrates advanced sensors, connectivity, and machine learning to revolutionize infant feeding routines. Equipped with embedded sensors, the bottle continuously monitors temperature, volume intake, and feeding duration, transmitting real-time data to a companion mobile app. The AI algorithms analyze feeding patterns‚Äîsuch as feed frequency, duration, and volume‚Äîto detect irregularities and predict optimal feeding schedules.",Dr. J.P. Sharma,"Mr. Yogesh Chauhan, HCL Technologies",Mr. Suyash ,NA,"CST, ME, ECE","Patent, Product, Startup","SDG 3 (Good Health and Well-Being) , SDG 9 (Industry, Innovation and Infrastructure)",It will help to ease the life of new parents where the couple is a working couple.,,,,,,,,,,,,,,,
7,Prof. (Dr.) Prinima Gupta ,"Prof., Director-Ph.D Prog.",Clinically Interpretable System for Early Prediction and Risk Stratification of Liver Cirrhosis,"Despite rapid advances in artificial intelligence, healthcare systems in many regions still struggle with early disease detection, especially in remote or underserved communities. Existing AI models often fail to generalize across populations due to lack of diverse data, poor interoperability between health systems, and limited consideration of ethical concerns like bias, data privacy, and informed consent. Aim is to develop a multimodal AI system for non-invasive, early prediction of liver cirrhosis which ensures clinical interpretability and ease of integration into hospital workflows.
",,NA,NA,"Dr Sumita Mukheerji, Dr Pinki Sagar",CST,"Research Paper, Patent",SDG-3,,,,,,,,,,,,,,,,
8,Prof. (Dr.) Mrinal Pandey,Professor             ,Analyzing Trends and Triggers in Autoimmune Diseases: A Data-Driven Approach,"Autoimmune diseases, characterized by the immune system's misguided attack on healthy tissues, have become increasingly prevalent across global populations. This project aims to analyze the trends, triggers, and contributing factors of autoimmune disorders through a data-driven lens. By compiling and examining clinical, genetic, environmental, and lifestyle datasets, the study seeks to identify common patterns and correlations that contribute to the onset and progression of conditions such as rheumatoid arthritis, lupus, and multiple sclerosis. Statistical tools and machine learning techniques are employed to detect emerging trends, regional variations, and potential risk factors. The findings highlight the multifactorial nature of autoimmune diseases, emphasizing the interplay between genetic predisposition and external triggers like infections, stress, and environmental pollutants. This research contributes to a deeper understanding of autoimmune pathogenesis and paves the way for early detection strategies and personalized treatment approaches.",,,,,,,,,,,,,,,,,,,,,,,
,,,"Impact of Social Media on Student Mental Health: Addiction, anxiety, and academic performance.","The increasing prevalence of social media usage among students has sparked growing concern regarding its impact on mental health and academic performance. This study explores the multifaceted effects of social media on student well-being, focusing specifically on addiction, anxiety, and academic outcomes. Through a combination of surveys, interviews, and academic performance data, the research examines patterns of usage and their correlation with psychological stress, feelings of isolation, sleep disruption, and reduced academic productivity. The findings suggest that excessive engagement with social media platforms contributes significantly to heightened levels of anxiety and reduced focus, which, in turn, negatively affect academic performance. This project underscores the urgent need for awareness, digital literacy, and balanced usage strategies to mitigate the adverse consequences of social media on students' mental health.",,,,,,,,,,,,,,,,,,,,,,,
9,Dr. Abhishek Saxena,Assoc. Prof.       ,Detection & Prognosis of Cardio Vascular Disease ,"The Cardiovascular Disease is a combination of various heart disease and is hence a silent killer across the globe. It's early diagnosis and detection is a challenge and is highly dependable on the expertise and clinical & scientific tests that are available.But these methods are very time consuming,costly & lengthy.The use of AI,IoT & Sensors can be helpful to know its actual cause so that its prognosis can be made.The study indicates scope of its detection on the basis of the these techniques and will be helpful to find the actual detection in its early stage.",Dr. Awab Mohd,NA,NA,Prof(Dr.) Neeta Verma,ECE/SoE,"1. Research Paper
2.Prototype
3. Patent","The Project aims to deliver a feasible solution for the early prediction of CVD to safeguard the life of affected person.
(SDG-3)","The Project emphasized on the Early diagnosis of disease by delivering a solution so that the both the Practioner and the Patient can be able to able to use it friendly.Hence it should be Cost Effective,Easy to adapt and human friendly.
",,,,,,,,,,,,,,,
10,Mr. Agha Imran Hussain,Asstt. Prof.,"An Interdisciplinary Framework for Cybersecurity: Integrating Technical Architectures, Legal Protocols, and Human-Centric Risk Mitigation","As cyber threats grow in complexity, traditional technical solutions are no longer sufficient to protect sensitive data and critical infrastructure. The increasing integration of technology into everyday life has exposed vulnerabilities not only in systems but also in human behavior, legal frameworks, and organizational structures. There is a pressing need for an interdisciplinary approach that bridges gaps between technical innovation, legal regulation, human behavior, and ethical responsibility to effectively address and mitigate cybersecurity threats.",Dr.J.P.Sharma,"Mr.Karan Aditya Ghoshal,   KPMG ,CANADA",Mr.Samarth Khandelwal,"Mr.Sanjay Kumar,Galgotia University","School of Law,Education,Management,Sciences","Research paper
Copyright
Prototype
Patent
Product
Startup
Innovation
Newspaper Article
Vlog/Blog","SDG 9: Industry, Innovation, and Infrastructure.  SDG 16: Peace, Justice, and Strong Institutions   SDG 4: Quality Education","For society, it will enhance digital safety by reducing cyber threats, increase digital literacy through targeted training, and promote equitable access to secure technologies, fostering social resilience and public trust in digital systems. In industry, the framework will strengthen critical infrastructure, ensure regulatory compliance, and drive innovation in cybersecurity solutions, boosting competitiveness and creating job opportunities in tech-driven sectors. Additionally, the project will contribute to new knowledge by developing a pioneering interdisciplinary cybersecurity model, generating insights into human behavior and legal-ethical frameworks, and advancing data-driven threat detection methodologies, thus enriching fields like computer science, psychology, and policy studies.",,,,,,,,,,,,,,,
11,Mr. Ankur Kr. Aggarwal,Asstt. Prof.,,,,,,,,,,,,,,,,,,,,,,,,,
12,Mr. Anup Singh ,Asstt. Prof.,Analysis on Forecasting Earthquakes using Predictive Machine Learning Algorithms,,,,,,,,,,,,,,,,,,,,,,,,
13,Ms. Anu Priya Sharma,Asstt. Prof.,Sustainable Datacenters: A systematic approach for making energy efficient Datacenters,"Problem: A large hyperscale data center can emit 100,000 to 200,000 metric tons of CO‚ÇÇ equivalent per year, depending on energy source and efficiency.

Solution: Making the datacenters sustainable using energy aware techniques like renewable source of energy, Power aware techniques or Thermal aware techniques. Lots of work required for Energy efficent techniques at software level, Hardware level & Network level. (Relevent for: Electronics, Mechanical, Electrical)",Dr. Sanjay Singh,Mr Gaurav Saini,NA,Dr. Gagangeet Singh Aujala,"Mechanical, Electrical",Prototype/Research paper,"SDG9, SDG13",This project is expected to have a significant impact on both the IT industry and climate change by promoting responsible energy consumption in data centers.,,,,,,,,,,,,,,,
14,Dr. Deepti Thakral,Assoc. Prof.       ,IoT-Based Accident Detection and Alert System,"Equipped with GPS and accelerometer sensors, this system detects vehicle accidents and instantly sends location-based alerts to emergency services and family members.",Dr. Kavita Singh,Dr. Ekta Bhayana,NA,Dr. Parikshit Vasisht,"CSE, ECE, ME, R&AI",Prototype/Research paper/Patent,"SDG 9, SDG 11","The proposed system is expected to significantly enhance road safety by enabling real-time accident detection and immediate emergency alerts using GPS and accelerometer-based sensing. Its deployment can reduce the response time of emergency services, thereby minimizing fatalities and serious injuries.",,,,,,,,,,,,,,,
15,Ms. Deepanshi Gupta,Asstt. Prof.,Smart Health Monitoring System using IoT and Machine Learning,"This project involves developing a wearable health monitoring device that collects real-time physiological data (such as heart rate, temperature, SpO2, and ECG) using IoT sensors. The data is transmitted to a cloud platform for storage and analysis. Using machine learning algorithms, the system can detect anomalies and predict potential health issues like arrhythmias or fever spikes. The system also includes a mobile/web interface for both patients and doctors, offering alerts and health insights.",Dr. Nitika,Mr. Mayank ,Somesh Verma,Khushbu Gupta,"Mechanical, Electrical","1. Research Paper
2.Prototype
3. Patent","
A smart wearable device enables real-time health monitoring and early detection of medical anomalies using IoT and machine learning. It improves access to preventive healthcare, supporting SDG 3 (Good Health and Well-Being) and SDG 9 (Industry, Innovation and Infrastructure).
",,,,,,,,,,,,,,,,
16,Ms. Esha Khanna,Asstt. Prof.,Approach to E-Waste Management: Sustainable Solutions for a Digital World,"E-waste is the fastest-growing waste stream globally, yet current management remains fragmented due to gaps in technology, awareness, and policy. An interdisciplinary approach is needed, involving CSE, ECE, ME, Robotics & AI, and Sciences to develop smart, sustainable solutions. This project aims to integrate digital tools, automation, and environmental insights for efficient and responsible e-waste management.",Ms. Tamanna Sachdeva,Mr. Rohit Chopra,NA,"Dr. Rashmi Popli, Associate professor, J. C. Bose University of Science & Technology, YMCA","CSE, ECE, ME, R& AI, Sciences","Research Paper, Patent","SDG 11 ‚Äì Sustainable Cities and Communities, SDG 12 ‚Äì Responsible Consumption and Production

","Innovation in Recycling Technologies: Engineering and scientific insights will drive the development of cost-effective, scalable recycling solutions tailored for local needs.",,,,,,,,,,,,,,,
17,Dr. K. Deepa,Assoc. Prof.       ,AI-Powered Performance Analysis and Training Optimization for Sub-Junior Badminton Athletes,"This project brings together ideas from different fields like sports science, artificial intelligence (AI), biomechanics, and data analysis. It aims to make training for sub-junior badminton players smarter and more effective. Using AI, we can check players‚Äô movements, find mistakes, and give them quick, personalized feedback. Biomechanics helps us understand how their bodies move, and data analysis shows patterns in their performance. Psychology also plays a role by helping to keep young players motivated and focused. By combining all these areas, the project creates a modern training system that helps young athletes improve their skills faster, avoid injuries, and become better players overall.",Dr.Sachin Lakra,Dr.D.Devasena,NA,"Dr.D.Devasena, Assosicate Professor SREC-Coimbatore","ECE,CSE,R&AI,Education",patent,"SDG 3: Good Health and Well-Being
By optimizing training and reducing the risk of injury through biomechanics and AI-driven monitoring, the project supports physical health and mental well-being among young athletes.

SDG 17: Partnerships for the Goals
Collaborations between technologists, coaches, sports scientists, and psychologists demonstrate interdisciplinary partnerships aimed at sustainable youth development.

","This project is expected to positively impact society by promoting healthier lifestyles and improved athletic development among young children. It introduces advanced, AI-driven training methods that make coaching more effective and personalized. For the sports industry, it opens new avenues in sports technology and youth training solutions. Academically, it contributes new knowledge at the intersection of AI, biomechanics, and sports science, particularly in understanding and enhancing performance in sub-junior athletes.",,,,,,,,,,,,,,,
18,Dr. Gunjan Chandwani,Asstt. Prof.,"EconoHealth: Visual Correlation Between Socioeconomic Status and Healthcare Access""","Builds an interactive map/dashboard to show how income levels, insurance access, and location affect healthcare availability and outcomes. Aids NGOs and policymakers
üåê Core Features
üìä Interactive Dashboard
Real-time filters to compare:
Income brackets (low/middle/high)
Insurance status (insured vs uninsured)
Urban vs rural regions
Age and gender demographics
Healthcare accessibility indicators:
Number of hospitals/clinics per 1000 people
Average distance to nearest healthcare facility
Emergency response time (avg)
Preventive care access (vaccination, screening rates)
Mortality and morbidity rates
üó∫Ô∏è Geo-Mapped Insights
Heatmaps showing:
Healthcare deserts
Regional disparities in access to primary/secondary/tertiary care
Distribution of chronic diseases (e.g. diabetes, hypertension)
Toggle between districts/states/countries for comparison
üìà Time Series Analysis
Tracks healthcare access and outcomes over time (pre/post policy interventions, pandemics, etc.)
Identify trends and patterns in public health improvements or declines
üìå Predictive Modeling (Optional Advanced Feature)
ML models to forecast:
Areas at risk of becoming healthcare deserts
Impacts of income shocks on healthcare usage
Optimal placement of new health facilities for maximum coverage","Dr.Monika Garg,Dr.Narender,Dr.Animesh ",Ms.Roshi Saxena,Mr.Rahul Roy,"Dr.Dharamender Kumar Singh,Associate Professor,Sharda University","CST,MGT","1. Research Paper
2.Prototype
3. Patent","SDG 9, SDG 11","EconoHealth is a data visualization and analytics platform that explores how socioeconomic status (SES)‚Äîincluding factors like income, education, and employment‚Äîaffects healthcare access, such as hospital availability, insurance coverage, and quality of care.",,,,,,,,,,,,,,,
19,Ms. Jyoti Nanwal,Asstt. Prof.,AI/ML-Driven Dynamic Agro-Optimization,"AI/ML-Driven Dynamic Agro-Optimization is a precision farming framework designed to boost the yield significantly. It leverages advanced machine learning techniques for real-time soil intelligence, optimized fertilizer application, and accurate weed detection. This integrated approach enables data-driven decision-making, enhancing productivity and sustainability in agriculture.",Dr. Neelu,NA,NA,NA,CST,Research Paper,SDG9,Help the Farmers in precision farming,,,,,,,,,,,,,,,
20,Dr. Mamta Arora,Assoc. Prof.,AI enabled voice assistant for Farmers,"An AI-enabled voice assistant for farmers, like KissanGPT or Farmer.CHAT, offers real-time agricultural advice, weather updates, and market price information in multiple languages, empowering farmers with knowledge and facilitating informed decision-making.",Dr. Mrinal Pandey,"Mr. Ravi Kant, Xebia",NA,NA,CSE/ECE,Prototype,SDG9,Help the Farmers through Multilingual Support.,,,,,,,,,,,,,,,
21,"Dr. Manoj Kumar
Kindly confirm who is the faculty lead mentor and who is the faculty co-mentor.",Assoc. Prof.,Automated Detection and Classification of Diabetic Retinopathy using Advanced Computational Techniques,"1. Helps in developing imaging devices and integrating automated systems with existing medical hardware.
2. Involves the application of engineering principles to design and implement diagnostic tools compatible with clinical systems",Dr. Urmila Pilania,NA,NA,"Dr. Girija, FET, MRIIRS",CST,Paper and patent and App,"SDG 3: Good Health and Well-being
SDG 9: Industry, Innovation, and Infrastructure 
","1. Development of a reliable automated system capable of identifying early signs of diabetic retinopathy (DR) from retinal images with high accuracy, sensitivity, and specificity.
2. Effective categorization of diabetic retinopathy into various stages (e.g., mild, moderate, severe, proliferative) to support timely clinical intervention.
3. Automation will significantly reduce the time and resources needed for manual screening, especially in rural and resource-limited settings.",,,,,,,,,,,,,,,
22,Dr. Meena Chaudhary,Assoc. Prof.,Implementing Continuous Integration and Continuous Deployment (CI/CD) Pipelines to Enhance Software Delivery Efficiency,"‚ÄãImplementing Continuous Integration and Continuous Deployment (CI/CD) pipelines involves integrating various disciplines to enhance software delivery efficiency. Developers create modular codebases for seamless integration, while DevOps professionals automate build, test, and deployment processes to foster continuous improvement. Quality Assurance specialists design automated testing strategies to validate code quality, and System Administrators manage deployment environments using tools like Docker and Kubernetes to ensure consistency. Project Managers coordinate teams and align CI/CD initiatives with business objectives to ensure successful implementation. This interdisciplinary collaboration streamlines development, reduces manual intervention, and accelerates the delivery of high-quality software products.",Dr.Gunjan Chandwani,Ms.Roshi Saxena,Mr.Shubham solanki,NA,CSE/ECE/MBA,Research Paper,"This project contributes to SDG 9 (Industry, Innovation, and Infrastructure) by promoting automation and innovation in software delivery. It also supports SDG 8 (Decent Work and Economic Growth) by enhancing efficiency and reducing manual effort in development workflows.","This project enhances software delivery speed and reliability through automation, benefiting the IT industry. It also contributes to knowledge by demonstrating practical CI/CD implementation and DevOps best practices",,,,,,,,,,,,,,,
23,Dr. Monika Garg,Assoc. Prof.,Moved to R&AI sheet,,,,,,,,,,,,,,,,,,,,,,,,
24,Mr. Narender Gautam,Assoc. Prof.,Automate hospital administrative tasks,"To develop a modular system that automates key non-clinical workflows in hospitals ‚Äî reducing manual workload, improving efficiency, and enhancing the patient experience.",Dr. Gunjan,"Mr. Kapil Gupta
Accenture, Gurgaon","Mr. Sannskar Gupta
Coforge",Dr. Animesh,"CSE, Mgmt.",Research Paper/ Prototype,SDG 3,"Faster registration, billing, and discharge reduce waiting times and stress for patients and families.",,,,,,,,,,,,,,,
25,Dr. Neelu Chaudhary,Assoc. Prof.,IoT driven Innovations for Solid Waste Management in Smart Cities.,"The ever-growing population density in cities leads to a significant rise in waste generation. Insufficient infrastructure available for collection, transportation, treatment and disposal of waste, lack of planning, financial resources, technical deficiencies, lack of legislation and their implementation on real stage, and non-involvement of the masses are the main factors for the prevailing adverse situation. This project includes an elaborate study of the current waste management practices being followed across the globe explaining their design specifications and applicability features. Also, this study explores the incorporation of Internet of Things (IoT) technologies with waste management for the development of smart cities.",Ms. Jyoti Nanwal,NA,NA,,CST,Research Paper,,,,,,,,,,,,,,,,,
26,Dr. Nitika Munjal,Assoc. Prof.,Effect of Different nano materials on solar cell efficiency ,"Improving the efficiency of solar cells is a major challenge in the renewable energy sector. Organic and thin-film solar cells offer sustainable alternatives to traditional silicon-based cells, but their performance is often limited by poor charge transport and recombination losses. The integration of nanomaterials (e.g., graphene, TiO‚ÇÇ nanoparticles, ZnO nanorods, quantum dots) into various layers of solar cells has emerged as a promising solution to enhance optical absorption, charge separation, and transport.

This study proposes to simulate the incorporation of different nanomaterials into solar cell architectures using SCAPS-1D, a numerical modeling tool for analyzing the electrical performance of semiconductor devices. By systematically analyzing the effect of nanomaterials on key parameters such as open-circuit voltage (Voc), short-circuit current (Jsc), fill factor (FF), and power conversion efficiency (PCE), this project aims to optimize material choices for enhanced solar performance.","Dr. Shiv Kumar Dixit, Dr. Anshuman",NA,NA,"Dr. Monika Tomar, Univ. of Delhi","CST, Physics",Research paper,SDG 7,,,,,,,,,,,,,,,,
27,Mr. Ram Chatterjee,Asstt. Prof.,To develop an AI-powered chatbot that complies with healthcare liability regulations and offers users preliminary medical advice and triage guidance. Ensure that the chatbot operates within legal boundaries by explicitly stating that it is not a substitute for professional medical consultation.,"This issue integrates the legal regulations regarding healthcare advice, liability, and user protection (from Law) with the technical development of an AI chatbot (from CSE).  Although AI facilitates real-time, accessible assistance for users, it must be meticulously designed to prevent legal liabilities, including unauthorized medical practice, misinformation liability, and noncompliance with informed consent standards.  The system is legally compliant and functionally beneficial as a result of the collaboration between technologists and legal experts.",Dr. Sujata Nayak,NA,NA,NA,"CST, Law",Research Paper,SDG9,"The project will significantly enhance public access to preliminary medical guidance, especially in underserved or remote areas. By providing structured triage support and symptom analysis, the chatbot can assist users in making timely decisions about seeking medical care, thereby reducing unnecessary clinical visits and easing the burden on healthcare systems. For the industry, it offers a scalable, legally compliant model for integrating AI into digital health services. Academically, it contributes to the evolving body of knowledge in ethical and responsible AI deployment in healthcare, particularly in designing AI systems that balance utility, legal compliance, and user trust.








Ask ChatGPT
",,,,,,,,,,,,,,,
28,Dr. Ranjna Jain,Assoc. Prof.,AI-Powered Student Assistance Chatbot for Universities,"Design and implement an AI-powered chatbot specifically tailored to assist students by providing accurate and timely responses to queries related to university rules and regulations. The chatbot will act as a virtual assistant, accessible 24/7, helping students understand and navigate important guidelines on academic policies, examination rules, attendance requirements, code of conduct, disciplinary procedures, hostel regulations, and other institutional policies.",Dr. Ranjna Jain,NA,NA,Dr. Girija Srikanth,"CST, SoE",Protoype,SDG9,"An AI chatbot offering 24/7 support, enhancing student awareness and compliance with university rules, regulations, and academic policies.",,,,,,,,,,,,,,,
29,Dr. Sanjay Singh,Assoc. Prof.,Sustainable Datacenters: A systematic approach for making energy efficient Datacenters,"Problem: A large hyperscale data center can emit 100,000 to 200,000 metric tons of CO‚ÇÇ equivalent per year, depending on energy source and efficiency.

Solution: Making the datacenters sustainable using energy aware techniques like renewable source of energy, Power aware techniques or Thermal aware techniques. Lots of work required for Energy efficent techniques at software level, Hardware level & Network level. (Relevent for: Electronics, Mechanical, Electrical)",Anu Priya Sharma,Mr Gaurav Saini,NA,Dr. Gagangeet Singh Aujala,"Mechanical, Electrical",Prototype/Research paper,"SDG9, SDG13",This project is expected to have a significant impact on both the IT industry and climate change by promoting responsible energy consumption in data centers.,,,,,,,,,,,,,,,
30,Dr. Shalu ,Asstt. Prof.,AI-Powered Waste Management System,"Problem: Inefficient and Manual Waste Management Systems

Traditional waste management practices often suffer from inefficiencies such as irregular garbage collection, overflowing bins, lack of segregation at the source, and insufficient data for decision-making. These problems lead to unhygienic environments, increased operational costs, and missed sustainability goals. Manual monitoring of waste levels, routes, and recycling efforts is time-consuming, error-prone, and lacks real-time responsiveness.",Dr. Bhawna Singla,Dr. Praveen Varshney,NA,NA,CSE & ECE,Paper and patent,"SDG 11 ‚Äì Sustainable Cities and Communities
SDG 12 ‚Äì Responsible Consumption and Production
SDG 13 ‚Äì Climate Action
SDG 9 ‚Äì Industry, Innovation, and Infrastructure
SDG 3 ‚Äì Good Health and Well-being","Improved Urban Cleanliness and Health:
By automating waste segregation and optimizing collection routes using AI, the system reduces littering, overflowing bins, and waste-related diseases, improving public hygiene and overall urban health.

Efficiency in Municipal Services:
Smart scheduling and AI-driven logistics improve operational efficiency for waste collection services, saving time, fuel, and manpower.",,,,,,,,,,,,,,,
31,Ms. Tamanna Sachdeva,Asstt. Prof.,Secure Smart Home System for Blind People,"Create a smart home automation system tailored for visually impaired users, integrating voice-based control, AI-enabled environment feedback, and secure access features to enhance safety, independence, and ease of use.",Ms. Esha Khanna,NA,NA,NA,"CSE, R& AI, ECE",Paper and patent,"SDG 3: Good Health and Well-being
SDG 9: Industry, Innovation, and Infrastructure 
SDG 10: Reduced Inequalities 
SDG 11: Sustainable Cities and Communities ","The system empowers visually impaired individuals with safety, independence, and dignity, while fostering inclusive design and opening new opportunities in smart home and assistive tech industries.
It advances knowledge by applying AI and IoT for accessibility, exploring voice interfaces, secure authentication, and setting a framework for future inclusive innovations.",,,,,,,,,,,,,,,
32,Dr. Urmila Pilania,Assoc. Prof.,Automated Detection and Classification of Diabetic Retinopathy using Advanced Computational Techniques,"1. Helps in developing imaging devices and integrating automated systems with existing medical hardware.
2. Involves the application of engineering principles to design and implement diagnostic tools compatible with clinical systems",Dr. Manoj Kumar,NA,NA,NA,CSE,Paper and patent and App,"SDG 3: Good Health and Well-being
SDG 9: Industry, Innovation, and Infrastructure 
","1. Development of a reliable automated system capable of identifying early signs of diabetic retinopathy (DR) from retinal images with high accuracy, sensitivity, and specificity.
2. Effective categorization of diabetic retinopathy into various stages (e.g., mild, moderate, severe, proliferative) to support timely clinical intervention.
3. Automation will significantly reduce the time and resources needed for manual screening, especially in rural and resource-limited settings.",,,,,,,,,,,,,,,
33,Dr. Arnika,Assoc. Prof.,,Involves the application of engineering principles to design and implement diagnostic tools compatible with clinical systems,,,,,,,,,,,,,,,,,,,,,,,
34,Ms. Pooja Ahuja,Asstt. Prof.,AI ENABLED INVIGILATION SYSTEM,"BUILD AN REAL TIME DETECTION WHERE CHEATING ATTEMPTS ARE IMMEDIATELY FLAGGED ,BASED ON FACE RECOGNITION ATTENDANCE MARKING AS PER SEATING PLAN,SIX CLEARLY VISIBLE ALERTS AND VOICE ALERTS TO THE CANDIDATE.",Dr. Pushpa,Mr Ravikant from xebia,Mr Vishal Vishwakarma(SIbros),NA,"CSE,ECE",Patent and App,"SDG9:Industry ,Innovation and infrastructure","This AI-enabled survillance system offers high utility by ensuring fair ,Secure and efficient monitoring acrodd exams,hotels ,offices and public areas.",,,,,,,,,,,,,,,
35,Ms. Ashima Garg,Asstt. Prof.,AI enabled Image caption generator,"Automatically generate meaningful captions that combines computer vision and natural language processing.
A hardware device (like smart glasses or a wearable camera) can be used to capture scenes and read out 
real-time image captions.",,,,,,,,,,,,,,,,,,,,,,,
36,Dr. Awwab Mohammad,"Asstt. Prof.

Moved to R&AI sheet",Automatically generating meaningful captions for images is a challenging task that combines computer vision and natural language processing.,"Urban waste management remains a persistent challenge due to inefficiencies in waste categorization, collection logistics, and environmental impact monitoring. This project seeks to address this issue by designing an AI-driven smart waste management system that integrates computer vision, IoT technologies, environmental sustainability principles, and economic feasibility models. This is inherently an interdisciplinary problem, requiring collaboration across:

Computer Science: to develop machine learning models for real-time waste classification and predictive analytics for collection route optimization.
Electronics/IoT: to design and deploy sensor networks for tracking bin fill levels and environmental conditions (e.g., temperature, odor, gas emissions).
Environmental Science: to guide the system design towards environmentally sustainable practices and compliance with urban waste disposal regulations.
Business/Management: to analyze operational viability, cost-benefit structures, and propose models for municipal partnerships and smart city integration.",,,,,,,,,,,,,,,,,,,,,,,
37,Dr. Ganga Sharma,Assoc. Prof., AI assisted skin disease detection and classification app,This system will provide real time assistance to end user to detect and classify skin diseases. The app can be web based or mobile based. This will help in early diagnosis and prognosis of skin diseases including skin cancer.,"Ms Babita Yadav, Assistant Professor, CST","Mr Ashvin, ADP (Automatic Data Processing ), The Square, Nagar Rd, opp. CTR Factory, Kargil Vijay Nagar, Wadgaon Sheri, Pune, Maharashtra 411014",NA,"Dr Shilpy Agrawal, Professor, Galgotias University, Greater Noida","CST, Sciences","Research Paper, Patent, Prototype",SDG3: Health and well being,"The system will serve as expert as well as end-user oriented application. A user will be able to determine the type, condition, causes and symptoms of a skin disease at click of a button. ",,,,,,,,,,,,,,,
38,Ms. Babita Yadav,Asstt. Prof.,Developing  AI based system to Support Mental Health,"Develop a system to enhance mental well-being by automatically sensing a user's emotional state (like stress or focus) using non-invasive physiological and behavioral sensors, analyzing this data with machine learning, and providing appropriate feedback or interventions.",Dr KDEEPA,"Saurabh Lohiya , CEO, Lark Finserve",NA,"Dr Sachin Gupta ,MAIT DELHI","CST,ECE,Medical Sciences","Research Paper, Patent, Prototype",SDG3: Health and well being,This project promotes early detection and personalized support for mental well-being using non-invasive sensing and AI.,,,,,,,,,,,,,,,
39,"Dr.Aditi Chaudhary
Moved to sheet of School of Law",Asstt. Prof.,Industrial Development in Faridabad: Environmental challenges and risks ,Assess the small scale industries in Faridabad and if they are adopting  sustainable practices ,,,,,,,,,,,,,,,,,,,,,,,
,,,,,,,,,,,,,,,,,,,,,,,,,,,
,,,,,,,,,,,,,,,,,,,,,,,,,,,
,,,,,,,,,,,,,,,,,,,,,,,,,,,
,,,,,,,,,,,,,,,,,,,,,,,,,,,
,,,,,,,,,,,,,,,,,,,,,,,,,,,
,,,,,,,,,,,,,,,,,,,,,,,,,,,
,,,,,,,,,,,,,,,,,,,,,,,,,,,
,,,,,,,,,,,,,,,,,,,,,,,,,,,
,,,,,,,,,,,,,,,,,,,,,,,,,,,
,,,,,,,,,,,,,,,,,,,,,,,,,,,
,,,,,,,,,,,,,,,,,,,,,,,,,,,
,,,,,,,,,,,,,,,,,,,,,,,,,,,
,,,,,,,,,,,,,,,,,,,,,,,,,,,
,,,,,,,,,,,,,,,,,,,,,,,,,,,
,,,,,,,,,,,,,,,,,,,,,,,,,,,
,,,,,,,,,,,,,,,,,,,,,,,,,,,
,,,,,,,,,,,,,,,,,,,,,,,,,,,
,,,,,,,,,,,,,,,,,,,,,,,,,,,
,,,,,,,,,,,,,,,,,,,,,,,,,,,
,,,,,,,,,,,,,,,,,,,,,,,,,,,
,,,,,,,,,,,,,,,,,,,,,,,,,,,
,,,,,,,,,,,,,,,,,,,,,,,,,,,
,,,,,,,,,,,,,,,,,,,,,,,,,,,
,,,,,,,,,,,,,,,,,,,,,,,,,,,
,,,,,,,,,,,,,,,,,,,,,,,,,,,
,,,,,,,,,,,,,,,,,,,,,,,,,,,
,,,,,,,,,,,,,,,,,,,,,,,,,,,
,,,,,,,,,,,,,,,,,,,,,,,,,,,
,,,,,,,,,,,,,,,,,,,,,,,,,,,
,,,,,,,,,,,,,,,,,,,,,,,,,,,
,,,,,,,,,,,,,,,,,,,,,,,,,,,
,,,,,,,,,,,,,,,,,,,,,,,,,,,
,,,,,,,,,,,,,,,,,,,,,,,,,,,
,,,,,,,,,,,,,,,,,,,,,,,,,,,
,,,,,,,,,,,,,,,,,,,,,,,,,,,
,,,,,,,,,,,,,,,,,,,,,,,,,,,
,,,,,,,,,,,,,,,,,,,,,,,,,,,
,,,,,,,,,,,,,,,,,,,,,,,,,,,
,,,,,,,,,,,,,,,,,,,,,,,,,,,
,,,,,,,,,,,,,,,,,,,,,,,,,,,
,,,,,,,,,,,,,,,,,,,,,,,,,,,
,,,,,,,,,,,,,,,,,,,,,,,,,,,
,,,,,,,,,,,,,,,,,,,,,,,,,,,
,,,,,,,,,,,,,,,,,,,,,,,,,,,
,,,,,,,,,,,,,,,,,,,,,,,,,,,
,,,,,,,,,,,,,,,,,,,,,,,,,,,
,,,,,,,,,,,,,,,,,,,,,,,,,,,
,,,,,,,,,,,,,,,,,,,,,,,,,,,
,,,,,,,,,,,,,,,,,,,,,,,,,,,
,,,,,,,,,,,,,,,,,,,,,,,,,,,
,,,,,,,,,,,,,,,,,,,,,,,,,,,
,,,,,,,,,,,,,,,,,,,,,,,,,,,
,,,,,,,,,,,,,,,,,,,,,,,,,,,
,,,,,,,,,,,,,,,,,,,,,,,,,,,
,,,,,,,,,,,,,,,,,,,,,,,,,,,
,,,,,,,,,,,,,,,,,,,,,,,,,,,
,,,,,,,,,,,,,,,,,,,,,,,,,,,
,,,,,,,,,,,,,,,,,,,,,,,,,,,
,,,,,,,,,,,,,,,,,,,,,,,,,,,
,,,,,,,,,,,,,,,,,,,,,,,,,,,
,,,,,,,,,,,,,,,,,,,,,,,,,,,
,,,,,,,,,,,,,,,,,,,,,,,,,,,
,,,,,,,,,,,,,,,,,,,,,,,,,,,
,,,,,,,,,,,,,,,,,,,,,,,,,,,
,,,,,,,,,,,,,,,,,,,,,,,,,,,
,,,,,,,,,,,,,,,,,,,,,,,,,,,
,,,,,,,,,,,,,,,,,,,,,,,,,,,
,,,,,,,,,,,,,,,,,,,,,,,,,,,
,,,,,,,,,,,,,,,,,,,,,,,,,,,
,,,,,,,,,,,,,,,,,,,,,,,,,,,
,,,,,,,,,,,,,,,,,,,,,,,,,,,
,,,,,,,,,,,,,,,,,,,,,,,,,,,
,,,,,,,,,,,,,,,,,,,,,,,,,,,
,,,,,,,,,,,,,,,,,,,,,,,,,,,
,,,,,,,,,,,,,,,,,,,,,,,,,,,
,,,,,,,,,,,,,,,,,,,,,,,,,,,
,,,,,,,,,,,,,,,,,,,,,,,,,,,
,,,,,,,,,,,,,,,,,,,,,,,,,,,
,,,,,,,,,,,,,,,,,,,,,,,,,,,
,,,,,,,,,,,,,,,,,,,,,,,,,,,
,,,,,,,,,,,,,,,,,,,,,,,,,,,
,,,,,,,,,,,,,,,,,,,,,,,,,,,
,,,,,,,,,,,,,,,,,,,,,,,,,,,
,,,,,,,,,,,,,,,,,,,,,,,,,,,
,,,,,,,,,,,,,,,,,,,,,,,,,,,
,,,,,,,,,,,,,,,,,,,,,,,,,,,
,,,,,,,,,,,,,,,,,,,,,,,,,,,
,,,,,,,,,,,,,,,,,,,,,,,,,,,
,,,,,,,,,,,,,,,,,,,,,,,,,,,
,,,,,,,,,,,,,,,,,,,,,,,,,,,
,,,,,,,,,,,,,,,,,,,,,,,,,,,
,,,,,,,,,,,,,,,,,,,,,,,,,,,
,,,,,,,,,,,,,,,,,,,,,,,,,,,
,,,,,,,,,,,,,,,,,,,,,,,,,,,
,,,,,,,,,,,,,,,,,,,,,,,,,,,
,,,,,,,,,,,,,,,,,,,,,,,,,,,
,,,,,,,,,,,,,,,,,,,,,,,,,,,
,,,,,,,,,,,,,,,,,,,,,,,,,,,
,,,,,,,,,,,,,,,,,,,,,,,,,,,
,,,,,,,,,,,,,,,,,,,,,,,,,,,
,,,,,,,,,,,,,,,,,,,,,,,,,,,
,,,,,,,,,,,,,,,,,,,,,,,,,,,
,,,,,,,,,,,,,,,,,,,,,,,,,,,
,,,,,,,,,,,,,,,,,,,,,,,,,,,
,,,,,,,,,,,,,,,,,,,,,,,,,,,
,,,,,,,,,,,,,,,,,,,,,,,,,,,
,,,,,,,,,,,,,,,,,,,,,,,,,,,
,,,,,,,,,,,,,,,,,,,,,,,,,,,
,,,,,,,,,,,,,,,,,,,,,,,,,,,
,,,,,,,,,,,,,,,,,,,,,,,,,,,
,,,,,,,,,,,,,,,,,,,,,,,,,,,
,,,,,,,,,,,,,,,,,,,,,,,,,,,
,,,,,,,,,,,,,,,,,,,,,,,,,,,
,,,,,,,,,,,,,,,,,,,,,,,,,,,
,,,,,,,,,,,,,,,,,,,,,,,,,,,
,,,,,,,,,,,,,,,,,,,,,,,,,,,
,,,,,,,,,,,,,,,,,,,,,,,,,,,
,,,,,,,,,,,,,,,,,,,,,,,,,,,
,,,,,,,,,,,,,,,,,,,,,,,,,,,
,,,,,,,,,,,,,,,,,,,,,,,,,,,
,,,,,,,,,,,,,,,,,,,,,,,,,,,
,,,,,,,,,,,,,,,,,,,,,,,,,,,
,,,,,,,,,,,,,,,,,,,,,,,,,,,
,,,,,,,,,,,,,,,,,,,,,,,,,,,
,,,,,,,,,,,,,,,,,,,,,,,,,,,
,,,,,,,,,,,,,,,,,,,,,,,,,,,
,,,,,,,,,,,,,,,,,,,,,,,,,,,
,,,,,,,,,,,,,,,,,,,,,,,,,,,
,,,,,,,,,,,,,,,,,,,,,,,,,,,
,,,,,,,,,,,,,,,,,,,,,,,,,,,
,,,,,,,,,,,,,,,,,,,,,,,,,,,
,,,,,,,,,,,,,,,,,,,,,,,,,,,
,,,,,,,,,,,,,,,,,,,,,,,,,,,
,,,,,,,,,,,,,,,,,,,,,,,,,,,
,,,,,,,,,,,,,,,,,,,,,,,,,,,
,,,,,,,,,,,,,,,,,,,,,,,,,,,
,,,,,,,,,,,,,,,,,,,,,,,,,,,
,,,,,,,,,,,,,,,,,,,,,,,,,,,
,,,,,,,,,,,,,,,,,,,,,,,,,,,
,,,,,,,,,,,,,,,,,,,,,,,,,,,
,,,,,,,,,,,,,,,,,,,,,,,,,,,
,,,,,,,,,,,,,,,,,,,,,,,,,,,
,,,,,,,,,,,,,,,,,,,,,,,,,,,
,,,,,,,,,,,,,,,,,,,,,,,,,,,
,,,,,,,,,,,,,,,,,,,,,,,,,,,
,,,,,,,,,,,,,,,,,,,,,,,,,,,
,,,,,,,,,,,,,,,,,,,,,,,,,,,
,,,,,,,,,,,,,,,,,,,,,,,,,,,
,,,,,,,,,,,,,,,,,,,,,,,,,,,
,,,,,,,,,,,,,,,,,,,,,,,,,,,
,,,,,,,,,,,,,,,,,,,,,,,,,,,
,,,,,,,,,,,,,,,,,,,,,,,,,,,
,,,,,,,,,,,,,,,,,,,,,,,,,,,
,,,,,,,,,,,,,,,,,,,,,,,,,,,
,,,,,,,,,,,,,,,,,,,,,,,,,,,
,,,,,,,,,,,,,,,,,,,,,,,,,,,
,,,,,,,,,,,,,,,,,,,,,,,,,,,
,,,,,,,,,,,,,,,,,,,,,,,,,,,
,,,,,,,,,,,,,,,,,,,,,,,,,,,
,,,,,,,,,,,,,,,,,,,,,,,,,,,
,,,,,,,,,,,,,,,,,,,,,,,,,,,
,,,,,,,,,,,,,,,,,,,,,,,,,,,
,,,,,,,,,,,,,,,,,,,,,,,,,,,
,,,,,,,,,,,,,,,,,,,,,,,,,,,
,,,,,,,,,,,,,,,,,,,,,,,,,,,
,,,,,,,,,,,,,,,,,,,,,,,,,,,
,,,,,,,,,,,,,,,,,,,,,,,,,,,
,,,,,,,,,,,,,,,,,,,,,,,,,,,
,,,,,,,,,,,,,,,,,,,,,,,,,,,
,,,,,,,,,,,,,,,,,,,,,,,,,,,
,,,,,,,,,,,,,,,,,,,,,,,,,,,
,,,,,,,,,,,,,,,,,,,,,,,,,,,
,,,,,,,,,,,,,,,,,,,,,,,,,,,
,,,,,,,,,,,,,,,,,,,,,,,,,,,
,,,,,,,,,,,,,,,,,,,,,,,,,,,
,,,,,,,,,,,,,,,,,,,,,,,,,,,
,,,,,,,,,,,,,,,,,,,,,,,,,,,
,,,,,,,,,,,,,,,,,,,,,,,,,,,
,,,,,,,,,,,,,,,,,,,,,,,,,,,
,,,,,,,,,,,,,,,,,,,,,,,,,,,
,,,,,,,,,,,,,,,,,,,,,,,,,,,
,,,,,,,,,,,,,,,,,,,,,,,,,,,
,,,,,,,,,,,,,,,,,,,,,,,,,,,
,,,,,,,,,,,,,,,,,,,,,,,,,,,
,,,,,,,,,,,,,,,,,,,,,,,,,,,
,,,,,,,,,,,,,,,,,,,,,,,,,,,
,,,,,,,,,,,,,,,,,,,,,,,,,,,
,,,,,,,,,,,,,,,,,,,,,,,,,,,
,,,,,,,,,,,,,,,,,,,,,,,,,,,
,,,,,,,,,,,,,,,,,,,,,,,,,,,
,,,,,,,,,,,,,,,,,,,,,,,,,,,
,,,,,,,,,,,,,,,,,,,,,,,,,,,
,,,,,,,,,,,,,,,,,,,,,,,,,,,
,,,,,,,,,,,,,,,,,,,,,,,,,,,
,,,,,,,,,,,,,,,,,,,,,,,,,,,
,,,,,,,,,,,,,,,,,,,,,,,,,,,
,,,,,,,,,,,,,,,,,,,,,,,,,,,
,,,,,,,,,,,,,,,,,,,,,,,,,,,
,,,,,,,,,,,,,,,,,,,,,,,,,,,
,,,,,,,,,,,,,,,,,,,,,,,,,,,
,,,,,,,,,,,,,,,,,,,,,,,,,,,
,,,,,,,,,,,,,,,,,,,,,,,,,,,
,,,,,,,,,,,,,,,,,,,,,,,,,,,
,,,,,,,,,,,,,,,,,,,,,,,,,,,
,,,,,,,,,,,,,,,,,,,,,,,,,,,
,,,,,,,,,,,,,,,,,,,,,,,,,,,
,,,,,,,,,,,,,,,,,,,,,,,,,,,
,,,,,,,,,,,,,,,,,,,,,,,,,,,
,,,,,,,,,,,,,,,,,,,,,,,,,,,
,,,,,,,,,,,,,,,,,,,,,,,,,,,
,,,,,,,,,,,,,,,,,,,,,,,,,,,
,,,,,,,,,,,,,,,,,,,,,,,,,,,
,,,,,,,,,,,,,,,,,,,,,,,,,,,
,,,,,,,,,,,,,,,,,,,,,,,,,,,
,,,,,,,,,,,,,,,,,,,,,,,,,,,
,,,,,,,,,,,,,,,,,,,,,,,,,,,
,,,,,,,,,,,,,,,,,,,,,,,,,,,
,,,,,,,,,,,,,,,,,,,,,,,,,,,
,,,,,,,,,,,,,,,,,,,,,,,,,,,
,,,,,,,,,,,,,,,,,,,,,,,,,,,
,,,,,,,,,,,,,,,,,,,,,,,,,,,
,,,,,,,,,,,,,,,,,,,,,,,,,,,
,,,,,,,,,,,,,,,,,,,,,,,,,,,
,,,,,,,,,,,,,,,,,,,,,,,,,,,
,,,,,,,,,,,,,,,,,,,,,,,,,,,
,,,,,,,,,,,,,,,,,,,,,,,,,,,
,,,,,,,,,,,,,,,,,,,,,,,,,,,
,,,,,,,,,,,,,,,,,,,,,,,,,,,
,,,,,,,,,,,,,,,,,,,,,,,,,,,
,,,,,,,,,,,,,,,,,,,,,,,,,,,
,,,,,,,,,,,,,,,,,,,,,,,,,,,
,,,,,,,,,,,,,,,,,,,,,,,,,,,
,,,,,,,,,,,,,,,,,,,,,,,,,,,
,,,,,,,,,,,,,,,,,,,,,,,,,,,
,,,,,,,,,,,,,,,,,,,,,,,,,,,
,,,,,,,,,,,,,,,,,,,,,,,,,,,
,,,,,,,,,,,,,,,,,,,,,,,,,,,
,,,,,,,,,,,,,,,,,,,,,,,,,,,
,,,,,,,,,,,,,,,,,,,,,,,,,,,
,,,,,,,,,,,,,,,,,,,,,,,,,,,
,,,,,,,,,,,,,,,,,,,,,,,,,,,
,,,,,,,,,,,,,,,,,,,,,,,,,,,
,,,,,,,,,,,,,,,,,,,,,,,,,,,
,,,,,,,,,,,,,,,,,,,,,,,,,,,
,,,,,,,,,,,,,,,,,,,,,,,,,,,
,,,,,,,,,,,,,,,,,,,,,,,,,,,
,,,,,,,,,,,,,,,,,,,,,,,,,,,
,,,,,,,,,,,,,,,,,,,,,,,,,,,
,,,,,,,,,,,,,,,,,,,,,,,,,,,
,,,,,,,,,,,,,,,,,,,,,,,,,,,
,,,,,,,,,,,,,,,,,,,,,,,,,,,
,,,,,,,,,,,,,,,,,,,,,,,,,,,
,,,,,,,,,,,,,,,,,,,,,,,,,,,
,,,,,,,,,,,,,,,,,,,,,,,,,,,
,,,,,,,,,,,,,,,,,,,,,,,,,,,
,,,,,,,,,,,,,,,,,,,,,,,,,,,
,,,,,,,,,,,,,,,,,,,,,,,,,,,
,,,,,,,,,,,,,,,,,,,,,,,,,,,
,,,,,,,,,,,,,,,,,,,,,,,,,,,
,,,,,,,,,,,,,,,,,,,,,,,,,,,
,,,,,,,,,,,,,,,,,,,,,,,,,,,
,,,,,,,,,,,,,,,,,,,,,,,,,,,
,,,,,,,,,,,,,,,,,,,,,,,,,,,
,,,,,,,,,,,,,,,,,,,,,,,,,,,
,,,,,,,,,,,,,,,,,,,,,,,,,,,
,,,,,,,,,,,,,,,,,,,,,,,,,,,
,,,,,,,,,,,,,,,,,,,,,,,,,,,
,,,,,,,,,,,,,,,,,,,,,,,,,,,
,,,,,,,,,,,,,,,,,,,,,,,,,,,
,,,,,,,,,,,,,,,,,,,,,,,,,,,
,,,,,,,,,,,,,,,,,,,,,,,,,,,
,,,,,,,,,,,,,,,,,,,,,,,,,,,
,,,,,,,,,,,,,,,,,,,,,,,,,,,
,,,,,,,,,,,,,,,,,,,,,,,,,,,
,,,,,,,,,,,,,,,,,,,,,,,,,,,
,,,,,,,,,,,,,,,,,,,,,,,,,,,
,,,,,,,,,,,,,,,,,,,,,,,,,,,
,,,,,,,,,,,,,,,,,,,,,,,,,,,
,,,,,,,,,,,,,,,,,,,,,,,,,,,
,,,,,,,,,,,,,,,,,,,,,,,,,,,
,,,,,,,,,,,,,,,,,,,,,,,,,,,
,,,,,,,,,,,,,,,,,,,,,,,,,,,
,,,,,,,,,,,,,,,,,,,,,,,,,,,
,,,,,,,,,,,,,,,,,,,,,,,,,,,
,,,,,,,,,,,,,,,,,,,,,,,,,,,
,,,,,,,,,,,,,,,,,,,,,,,,,,,
,,,,,,,,,,,,,,,,,,,,,,,,,,,
,,,,,,,,,,,,,,,,,,,,,,,,,,,
,,,,,,,,,,,,,,,,,,,,,,,,,,,
,,,,,,,,,,,,,,,,,,,,,,,,,,,
,,,,,,,,,,,,,,,,,,,,,,,,,,,
,,,,,,,,,,,,,,,,,,,,,,,,,,,
,,,,,,,,,,,,,,,,,,,,,,,,,,,
,,,,,,,,,,,,,,,,,,,,,,,,,,,
,,,,,,,,,,,,,,,,,,,,,,,,,,,
,,,,,,,,,,,,,,,,,,,,,,,,,,,
,,,,,,,,,,,,,,,,,,,,,,,,,,,
,,,,,,,,,,,,,,,,,,,,,,,,,,,
,,,,,,,,,,,,,,,,,,,,,,,,,,,
,,,,,,,,,,,,,,,,,,,,,,,,,,,
,,,,,,,,,,,,,,,,,,,,,,,,,,,
,,,,,,,,,,,,,,,,,,,,,,,,,,,
,,,,,,,,,,,,,,,,,,,,,,,,,,,
,,,,,,,,,,,,,,,,,,,,,,,,,,,
,,,,,,,,,,,,,,,,,,,,,,,,,,,
,,,,,,,,,,,,,,,,,,,,,,,,,,,
,,,,,,,,,,,,,,,,,,,,,,,,,,,
,,,,,,,,,,,,,,,,,,,,,,,,,,,
,,,,,,,,,,,,,,,,,,,,,,,,,,,
,,,,,,,,,,,,,,,,,,,,,,,,,,,
,,,,,,,,,,,,,,,,,,,,,,,,,,,
,,,,,,,,,,,,,,,,,,,,,,,,,,,
,,,,,,,,,,,,,,,,,,,,,,,,,,,
,,,,,,,,,,,,,,,,,,,,,,,,,,,
,,,,,,,,,,,,,,,,,,,,,,,,,,,
,,,,,,,,,,,,,,,,,,,,,,,,,,,
,,,,,,,,,,,,,,,,,,,,,,,,,,,
,,,,,,,,,,,,,,,,,,,,,,,,,,,
,,,,,,,,,,,,,,,,,,,,,,,,,,,
,,,,,,,,,,,,,,,,,,,,,,,,,,,
,,,,,,,,,,,,,,,,,,,,,,,,,,,
,,,,,,,,,,,,,,,,,,,,,,,,,,,
,,,,,,,,,,,,,,,,,,,,,,,,,,,
,,,,,,,,,,,,,,,,,,,,,,,,,,,
,,,,,,,,,,,,,,,,,,,,,,,,,,,
,,,,,,,,,,,,,,,,,,,,,,,,,,,
,,,,,,,,,,,,,,,,,,,,,,,,,,,
,,,,,,,,,,,,,,,,,,,,,,,,,,,
,,,,,,,,,,,,,,,,,,,,,,,,,,,
,,,,,,,,,,,,,,,,,,,,,,,,,,,
,,,,,,,,,,,,,,,,,,,,,,,,,,,
,,,,,,,,,,,,,,,,,,,,,,,,,,,
,,,,,,,,,,,,,,,,,,,,,,,,,,,
,,,,,,,,,,,,,,,,,,,,,,,,,,,
,,,,,,,,,,,,,,,,,,,,,,,,,,,
,,,,,,,,,,,,,,,,,,,,,,,,,,,
,,,,,,,,,,,,,,,,,,,,,,,,,,,
,,,,,,,,,,,,,,,,,,,,,,,,,,,
,,,,,,,,,,,,,,,,,,,,,,,,,,,
,,,,,,,,,,,,,,,,,,,,,,,,,,,
,,,,,,,,,,,,,,,,,,,,,,,,,,,
,,,,,,,,,,,,,,,,,,,,,,,,,,,
,,,,,,,,,,,,,,,,,,,,,,,,,,,
,,,,,,,,,,,,,,,,,,,,,,,,,,,
,,,,,,,,,,,,,,,,,,,,,,,,,,,
,,,,,,,,,,,,,,,,,,,,,,,,,,,
,,,,,,,,,,,,,,,,,,,,,,,,,,,
,,,,,,,,,,,,,,,,,,,,,,,,,,,
,,,,,,,,,,,,,,,,,,,,,,,,,,,
,,,,,,,,,,,,,,,,,,,,,,,,,,,
,,,,,,,,,,,,,,,,,,,,,,,,,,,
,,,,,,,,,,,,,,,,,,,,,,,,,,,
,,,,,,,,,,,,,,,,,,,,,,,,,,,
,,,,,,,,,,,,,,,,,,,,,,,,,,,
,,,,,,,,,,,,,,,,,,,,,,,,,,,
,,,,,,,,,,,,,,,,,,,,,,,,,,,
,,,,,,,,,,,,,,,,,,,,,,,,,,,
,,,,,,,,,,,,,,,,,,,,,,,,,,,
,,,,,,,,,,,,,,,,,,,,,,,,,,,
,,,,,,,,,,,,,,,,,,,,,,,,,,,
,,,,,,,,,,,,,,,,,,,,,,,,,,,
,,,,,,,,,,,,,,,,,,,,,,,,,,,
,,,,,,,,,,,,,,,,,,,,,,,,,,,
,,,,,,,,,,,,,,,,,,,,,,,,,,,
,,,,,,,,,,,,,,,,,,,,,,,,,,,
,,,,,,,,,,,,,,,,,,,,,,,,,,,
,,,,,,,,,,,,,,,,,,,,,,,,,,,
,,,,,,,,,,,,,,,,,,,,,,,,,,,
,,,,,,,,,,,,,,,,,,,,,,,,,,,
,,,,,,,,,,,,,,,,,,,,,,,,,,,
,,,,,,,,,,,,,,,,,,,,,,,,,,,
,,,,,,,,,,,,,,,,,,,,,,,,,,,
,,,,,,,,,,,,,,,,,,,,,,,,,,,
,,,,,,,,,,,,,,,,,,,,,,,,,,,
,,,,,,,,,,,,,,,,,,,,,,,,,,,
,,,,,,,,,,,,,,,,,,,,,,,,,,,
,,,,,,,,,,,,,,,,,,,,,,,,,,,
,,,,,,,,,,,,,,,,,,,,,,,,,,,
,,,,,,,,,,,,,,,,,,,,,,,,,,,
,,,,,,,,,,,,,,,,,,,,,,,,,,,
,,,,,,,,,,,,,,,,,,,,,,,,,,,
,,,,,,,,,,,,,,,,,,,,,,,,,,,
,,,,,,,,,,,,,,,,,,,,,,,,,,,
,,,,,,,,,,,,,,,,,,,,,,,,,,,
,,,,,,,,,,,,,,,,,,,,,,,,,,,
,,,,,,,,,,,,,,,,,,,,,,,,,,,
,,,,,,,,,,,,,,,,,,,,,,,,,,,
,,,,,,,,,,,,,,,,,,,,,,,,,,,
,,,,,,,,,,,,,,,,,,,,,,,,,,,
,,,,,,,,,,,,,,,,,,,,,,,,,,,
,,,,,,,,,,,,,,,,,,,,,,,,,,,
,,,,,,,,,,,,,,,,,,,,,,,,,,,
,,,,,,,,,,,,,,,,,,,,,,,,,,,
,,,,,,,,,,,,,,,,,,,,,,,,,,,
,,,,,,,,,,,,,,,,,,,,,,,,,,,
,,,,,,,,,,,,,,,,,,,,,,,,,,,
,,,,,,,,,,,,,,,,,,,,,,,,,,,
,,,,,,,,,,,,,,,,,,,,,,,,,,,
,,,,,,,,,,,,,,,,,,,,,,,,,,,
,,,,,,,,,,,,,,,,,,,,,,,,,,,
,,,,,,,,,,,,,,,,,,,,,,,,,,,
,,,,,,,,,,,,,,,,,,,,,,,,,,,
,,,,,,,,,,,,,,,,,,,,,,,,,,,
,,,,,,,,,,,,,,,,,,,,,,,,,,,
,,,,,,,,,,,,,,,,,,,,,,,,,,,
,,,,,,,,,,,,,,,,,,,,,,,,,,,
,,,,,,,,,,,,,,,,,,,,,,,,,,,
,,,,,,,,,,,,,,,,,,,,,,,,,,,
,,,,,,,,,,,,,,,,,,,,,,,,,,,
,,,,,,,,,,,,,,,,,,,,,,,,,,,
,,,,,,,,,,,,,,,,,,,,,,,,,,,
,,,,,,,,,,,,,,,,,,,,,,,,,,,
,,,,,,,,,,,,,,,,,,,,,,,,,,,
,,,,,,,,,,,,,,,,,,,,,,,,,,,
,,,,,,,,,,,,,,,,,,,,,,,,,,,
,,,,,,,,,,,,,,,,,,,,,,,,,,,
,,,,,,,,,,,,,,,,,,,,,,,,,,,
,,,,,,,,,,,,,,,,,,,,,,,,,,,
,,,,,,,,,,,,,,,,,,,,,,,,,,,
,,,,,,,,,,,,,,,,,,,,,,,,,,,
,,,,,,,,,,,,,,,,,,,,,,,,,,,
,,,,,,,,,,,,,,,,,,,,,,,,,,,
,,,,,,,,,,,,,,,,,,,,,,,,,,,
,,,,,,,,,,,,,,,,,,,,,,,,,,,
,,,,,,,,,,,,,,,,,,,,,,,,,,,
,,,,,,,,,,,,,,,,,,,,,,,,,,,
,,,,,,,,,,,,,,,,,,,,,,,,,,,
,,,,,,,,,,,,,,,,,,,,,,,,,,,
,,,,,,,,,,,,,,,,,,,,,,,,,,,
,,,,,,,,,,,,,,,,,,,,,,,,,,,
,,,,,,,,,,,,,,,,,,,,,,,,,,,
,,,,,,,,,,,,,,,,,,,,,,,,,,,
,,,,,,,,,,,,,,,,,,,,,,,,,,,
,,,,,,,,,,,,,,,,,,,,,,,,,,,
,,,,,,,,,,,,,,,,,,,,,,,,,,,
,,,,,,,,,,,,,,,,,,,,,,,,,,,
,,,,,,,,,,,,,,,,,,,,,,,,,,,
,,,,,,,,,,,,,,,,,,,,,,,,,,,
,,,,,,,,,,,,,,,,,,,,,,,,,,,
,,,,,,,,,,,,,,,,,,,,,,,,,,,
,,,,,,,,,,,,,,,,,,,,,,,,,,,
,,,,,,,,,,,,,,,,,,,,,,,,,,,
,,,,,,,,,,,,,,,,,,,,,,,,,,,
,,,,,,,,,,,,,,,,,,,,,,,,,,,
,,,,,,,,,,,,,,,,,,,,,,,,,,,
,,,,,,,,,,,,,,,,,,,,,,,,,,,
,,,,,,,,,,,,,,,,,,,,,,,,,,,
,,,,,,,,,,,,,,,,,,,,,,,,,,,
,,,,,,,,,,,,,,,,,,,,,,,,,,,
,,,,,,,,,,,,,,,,,,,,,,,,,,,
,,,,,,,,,,,,,,,,,,,,,,,,,,,
,,,,,,,,,,,,,,,,,,,,,,,,,,,
,,,,,,,,,,,,,,,,,,,,,,,,,,,
,,,,,,,,,,,,,,,,,,,,,,,,,,,
,,,,,,,,,,,,,,,,,,,,,,,,,,,
,,,,,,,,,,,,,,,,,,,,,,,,,,,
,,,,,,,,,,,,,,,,,,,,,,,,,,,
,,,,,,,,,,,,,,,,,,,,,,,,,,,
,,,,,,,,,,,,,,,,,,,,,,,,,,,
,,,,,,,,,,,,,,,,,,,,,,,,,,,
,,,,,,,,,,,,,,,,,,,,,,,,,,,
,,,,,,,,,,,,,,,,,,,,,,,,,,,
,,,,,,,,,,,,,,,,,,,,,,,,,,,
,,,,,,,,,,,,,,,,,,,,,,,,,,,
,,,,,,,,,,,,,,,,,,,,,,,,,,,
,,,,,,,,,,,,,,,,,,,,,,,,,,,
,,,,,,,,,,,,,,,,,,,,,,,,,,,
,,,,,,,,,,,,,,,,,,,,,,,,,,,
,,,,,,,,,,,,,,,,,,,,,,,,,,,
,,,,,,,,,,,,,,,,,,,,,,,,,,,
,,,,,,,,,,,,,,,,,,,,,,,,,,,
,,,,,,,,,,,,,,,,,,,,,,,,,,,
,,,,,,,,,,,,,,,,,,,,,,,,,,,
,,,,,,,,,,,,,,,,,,,,,,,,,,,
,,,,,,,,,,,,,,,,,,,,,,,,,,,
,,,,,,,,,,,,,,,,,,,,,,,,,,,
,,,,,,,,,,,,,,,,,,,,,,,,,,,
,,,,,,,,,,,,,,,,,,,,,,,,,,,
,,,,,,,,,,,,,,,,,,,,,,,,,,,
,,,,,,,,,,,,,,,,,,,,,,,,,,,
,,,,,,,,,,,,,,,,,,,,,,,,,,,
,,,,,,,,,,,,,,,,,,,,,,,,,,,
,,,,,,,,,,,,,,,,,,,,,,,,,,,
,,,,,,,,,,,,,,,,,,,,,,,,,,,
,,,,,,,,,,,,,,,,,,,,,,,,,,,
,,,,,,,,,,,,,,,,,,,,,,,,,,,
,,,,,,,,,,,,,,,,,,,,,,,,,,,
,,,,,,,,,,,,,,,,,,,,,,,,,,,
,,,,,,,,,,,,,,,,,,,,,,,,,,,
,,,,,,,,,,,,,,,,,,,,,,,,,,,
,,,,,,,,,,,,,,,,,,,,,,,,,,,
,,,,,,,,,,,,,,,,,,,,,,,,,,,
,,,,,,,,,,,,,,,,,,,,,,,,,,,
,,,,,,,,,,,,,,,,,,,,,,,,,,,
,,,,,,,,,,,,,,,,,,,,,,,,,,,
,,,,,,,,,,,,,,,,,,,,,,,,,,,
,,,,,,,,,,,,,,,,,,,,,,,,,,,
,,,,,,,,,,,,,,,,,,,,,,,,,,,
,,,,,,,,,,,,,,,,,,,,,,,,,,,
,,,,,,,,,,,,,,,,,,,,,,,,,,,
,,,,,,,,,,,,,,,,,,,,,,,,,,,
,,,,,,,,,,,,,,,,,,,,,,,,,,,
,,,,,,,,,,,,,,,,,,,,,,,,,,,
,,,,,,,,,,,,,,,,,,,,,,,,,,,
,,,,,,,,,,,,,,,,,,,,,,,,,,,
,,,,,,,,,,,,,,,,,,,,,,,,,,,
,,,,,,,,,,,,,,,,,,,,,,,,,,,
,,,,,,,,,,,,,,,,,,,,,,,,,,,
,,,,,,,,,,,,,,,,,,,,,,,,,,,
,,,,,,,,,,,,,,,,,,,,,,,,,,,
,,,,,,,,,,,,,,,,,,,,,,,,,,,
,,,,,,,,,,,,,,,,,,,,,,,,,,,
,,,,,,,,,,,,,,,,,,,,,,,,,,,
,,,,,,,,,,,,,,,,,,,,,,,,,,,
,,,,,,,,,,,,,,,,,,,,,,,,,,,
,,,,,,,,,,,,,,,,,,,,,,,,,,,
,,,,,,,,,,,,,,,,,,,,,,,,,,,
,,,,,,,,,,,,,,,,,,,,,,,,,,,
,,,,,,,,,,,,,,,,,,,,,,,,,,,
,,,,,,,,,,,,,,,,,,,,,,,,,,,
,,,,,,,,,,,,,,,,,,,,,,,,,,,
,,,,,,,,,,,,,,,,,,,,,,,,,,,
,,,,,,,,,,,,,,,,,,,,,,,,,,,
,,,,,,,,,,,,,,,,,,,,,,,,,,,
,,,,,,,,,,,,,,,,,,,,,,,,,,,
,,,,,,,,,,,,,,,,,,,,,,,,,,,
,,,,,,,,,,,,,,,,,,,,,,,,,,,
,,,,,,,,,,,,,,,,,,,,,,,,,,,
,,,,,,,,,,,,,,,,,,,,,,,,,,,
,,,,,,,,,,,,,,,,,,,,,,,,,,,
,,,,,,,,,,,,,,,,,,,,,,,,,,,
,,,,,,,,,,,,,,,,,,,,,,,,,,,
,,,,,,,,,,,,,,,,,,,,,,,,,,,
,,,,,,,,,,,,,,,,,,,,,,,,,,,
,,,,,,,,,,,,,,,,,,,,,,,,,,,
,,,,,,,,,,,,,,,,,,,,,,,,,,,
,,,,,,,,,,,,,,,,,,,,,,,,,,,
,,,,,,,,,,,,,,,,,,,,,,,,,,,
,,,,,,,,,,,,,,,,,,,,,,,,,,,
,,,,,,,,,,,,,,,,,,,,,,,,,,,
,,,,,,,,,,,,,,,,,,,,,,,,,,,
,,,,,,,,,,,,,,,,,,,,,,,,,,,
,,,,,,,,,,,,,,,,,,,,,,,,,,,
,,,,,,,,,,,,,,,,,,,,,,,,,,,
,,,,,,,,,,,,,,,,,,,,,,,,,,,
,,,,,,,,,,,,,,,,,,,,,,,,,,,
,,,,,,,,,,,,,,,,,,,,,,,,,,,
,,,,,,,,,,,,,,,,,,,,,,,,,,,
,,,,,,,,,,,,,,,,,,,,,,,,,,,
,,,,,,,,,,,,,,,,,,,,,,,,,,,
,,,,,,,,,,,,,,,,,,,,,,,,,,,
,,,,,,,,,,,,,,,,,,,,,,,,,,,
,,,,,,,,,,,,,,,,,,,,,,,,,,,
,,,,,,,,,,,,,,,,,,,,,,,,,,,
,,,,,,,,,,,,,,,,,,,,,,,,,,,
,,,,,,,,,,,,,,,,,,,,,,,,,,,
,,,,,,,,,,,,,,,,,,,,,,,,,,,
,,,,,,,,,,,,,,,,,,,,,,,,,,,
,,,,,,,,,,,,,,,,,,,,,,,,,,,
,,,,,,,,,,,,,,,,,,,,,,,,,,,
,,,,,,,,,,,,,,,,,,,,,,,,,,,
,,,,,,,,,,,,,,,,,,,,,,,,,,,
,,,,,,,,,,,,,,,,,,,,,,,,,,,
,,,,,,,,,,,,,,,,,,,,,,,,,,,
,,,,,,,,,,,,,,,,,,,,,,,,,,,
,,,,,,,,,,,,,,,,,,,,,,,,,,,
,,,,,,,,,,,,,,,,,,,,,,,,,,,
,,,,,,,,,,,,,,,,,,,,,,,,,,,
,,,,,,,,,,,,,,,,,,,,,,,,,,,
,,,,,,,,,,,,,,,,,,,,,,,,,,,
,,,,,,,,,,,,,,,,,,,,,,,,,,,
,,,,,,,,,,,,,,,,,,,,,,,,,,,
,,,,,,,,,,,,,,,,,,,,,,,,,,,
,,,,,,,,,,,,,,,,,,,,,,,,,,,
,,,,,,,,,,,,,,,,,,,,,,,,,,,
,,,,,,,,,,,,,,,,,,,,,,,,,,,
,,,,,,,,,,,,,,,,,,,,,,,,,,,
,,,,,,,,,,,,,,,,,,,,,,,,,,,
,,,,,,,,,,,,,,,,,,,,,,,,,,,
,,,,,,,,,,,,,,,,,,,,,,,,,,,
,,,,,,,,,,,,,,,,,,,,,,,,,,,
,,,,,,,,,,,,,,,,,,,,,,,,,,,
,,,,,,,,,,,,,,,,,,,,,,,,,,,
,,,,,,,,,,,,,,,,,,,,,,,,,,,
,,,,,,,,,,,,,,,,,,,,,,,,,,,
,,,,,,,,,,,,,,,,,,,,,,,,,,,
,,,,,,,,,,,,,,,,,,,,,,,,,,,
,,,,,,,,,,,,,,,,,,,,,,,,,,,
,,,,,,,,,,,,,,,,,,,,,,,,,,,
,,,,,,,,,,,,,,,,,,,,,,,,,,,
,,,,,,,,,,,,,,,,,,,,,,,,,,,
,,,,,,,,,,,,,,,,,,,,,,,,,,,
,,,,,,,,,,,,,,,,,,,,,,,,,,,
,,,,,,,,,,,,,,,,,,,,,,,,,,,
,,,,,,,,,,,,,,,,,,,,,,,,,,,
,,,,,,,,,,,,,,,,,,,,,,,,,,,
,,,,,,,,,,,,,,,,,,,,,,,,,,,
,,,,,,,,,,,,,,,,,,,,,,,,,,,
,,,,,,,,,,,,,,,,,,,,,,,,,,,
,,,,,,,,,,,,,,,,,,,,,,,,,,,
,,,,,,,,,,,,,,,,,,,,,,,,,,,
,,,,,,,,,,,,,,,,,,,,,,,,,,,
,,,,,,,,,,,,,,,,,,,,,,,,,,,
,,,,,,,,,,,,,,,,,,,,,,,,,,,
,,,,,,,,,,,,,,,,,,,,,,,,,,,
,,,,,,,,,,,,,,,,,,,,,,,,,,,
,,,,,,,,,,,,,,,,,,,,,,,,,,,
,,,,,,,,,,,,,,,,,,,,,,,,,,,
,,,,,,,,,,,,,,,,,,,,,,,,,,,
,,,,,,,,,,,,,,,,,,,,,,,,,,,
,,,,,,,,,,,,,,,,,,,,,,,,,,,
,,,,,,,,,,,,,,,,,,,,,,,,,,,
,,,,,,,,,,,,,,,,,,,,,,,,,,,
,,,,,,,,,,,,,,,,,,,,,,,,,,,
,,,,,,,,,,,,,,,,,,,,,,,,,,,
,,,,,,,,,,,,,,,,,,,,,,,,,,,
,,,,,,,,,,,,,,,,,,,,,,,,,,,
,,,,,,,,,,,,,,,,,,,,,,,,,,,
,,,,,,,,,,,,,,,,,,,,,,,,,,,
,,,,,,,,,,,,,,,,,,,,,,,,,,,
,,,,,,,,,,,,,,,,,,,,,,,,,,,
,,,,,,,,,,,,,,,,,,,,,,,,,,,
,,,,,,,,,,,,,,,,,,,,,,,,,,,
,,,,,,,,,,,,,,,,,,,,,,,,,,,
,,,,,,,,,,,,,,,,,,,,,,,,,,,
,,,,,,,,,,,,,,,,,,,,,,,,,,,
,,,,,,,,,,,,,,,,,,,,,,,,,,,
,,,,,,,,,,,,,,,,,,,,,,,,,,,
,,,,,,,,,,,,,,,,,,,,,,,,,,,
,,,,,,,,,,,,,,,,,,,,,,,,,,,
,,,,,,,,,,,,,,,,,,,,,,,,,,,
,,,,,,,,,,,,,,,,,,,,,,,,,,,
,,,,,,,,,,,,,,,,,,,,,,,,,,,
,,,,,,,,,,,,,,,,,,,,,,,,,,,
,,,,,,,,,,,,,,,,,,,,,,,,,,,
,,,,,,,,,,,,,,,,,,,,,,,,,,,
,,,,,,,,,,,,,,,,,,,,,,,,,,,
,,,,,,,,,,,,,,,,,,,,,,,,,,,
,,,,,,,,,,,,,,,,,,,,,,,,,,,
,,,,,,,,,,,,,,,,,,,,,,,,,,,
,,,,,,,,,,,,,,,,,,,,,,,,,,,
,,,,,,,,,,,,,,,,,,,,,,,,,,,
,,,,,,,,,,,,,,,,,,,,,,,,,,,
,,,,,,,,,,,,,,,,,,,,,,,,,,,
,,,,,,,,,,,,,,,,,,,,,,,,,,,
,,,,,,,,,,,,,,,,,,,,,,,,,,,
,,,,,,,,,,,,,,,,,,,,,,,,,,,
,,,,,,,,,,,,,,,,,,,,,,,,,,,
,,,,,,,,,,,,,,,,,,,,,,,,,,,
,,,,,,,,,,,,,,,,,,,,,,,,,,,
,,,,,,,,,,,,,,,,,,,,,,,,,,,
,,,,,,,,,,,,,,,,,,,,,,,,,,,
,,,,,,,,,,,,,,,,,,,,,,,,,,,
,,,,,,,,,,,,,,,,,,,,,,,,,,,
,,,,,,,,,,,,,,,,,,,,,,,,,,,
,,,,,,,,,,,,,,,,,,,,,,,,,,,
,,,,,,,,,,,,,,,,,,,,,,,,,,,
,,,,,,,,,,,,,,,,,,,,,,,,,,,
,,,,,,,,,,,,,,,,,,,,,,,,,,,
,,,,,,,,,,,,,,,,,,,,,,,,,,,
,,,,,,,,,,,,,,,,,,,,,,,,,,,
,,,,,,,,,,,,,,,,,,,,,,,,,,,
,,,,,,,,,,,,,,,,,,,,,,,,,,,
,,,,,,,,,,,,,,,,,,,,,,,,,,,
,,,,,,,,,,,,,,,,,,,,,,,,,,,
,,,,,,,,,,,,,,,,,,,,,,,,,,,
,,,,,,,,,,,,,,,,,,,,,,,,,,,
,,,,,,,,,,,,,,,,,,,,,,,,,,,
,,,,,,,,,,,,,,,,,,,,,,,,,,,
,,,,,,,,,,,,,,,,,,,,,,,,,,,
,,,,,,,,,,,,,,,,,,,,,,,,,,,
,,,,,,,,,,,,,,,,,,,,,,,,,,,
,,,,,,,,,,,,,,,,,,,,,,,,,,,
,,,,,,,,,,,,,,,,,,,,,,,,,,,
,,,,,,,,,,,,,,,,,,,,,,,,,,,
,,,,,,,,,,,,,,,,,,,,,,,,,,,
,,,,,,,,,,,,,,,,,,,,,,,,,,,
,,,,,,,,,,,,,,,,,,,,,,,,,,,
,,,,,,,,,,,,,,,,,,,,,,,,,,,
,,,,,,,,,,,,,,,,,,,,,,,,,,,
,,,,,,,,,,,,,,,,,,,,,,,,,,,
,,,,,,,,,,,,,,,,,,,,,,,,,,,
,,,,,,,,,,,,,,,,,,,,,,,,,,,
,,,,,,,,,,,,,,,,,,,,,,,,,,,
,,,,,,,,,,,,,,,,,,,,,,,,,,,
,,,,,,,,,,,,,,,,,,,,,,,,,,,
,,,,,,,,,,,,,,,,,,,,,,,,,,,
,,,,,,,,,,,,,,,,,,,,,,,,,,,
,,,,,,,,,,,,,,,,,,,,,,,,,,,
,,,,,,,,,,,,,,,,,,,,,,,,,,,
,,,,,,,,,,,,,,,,,,,,,,,,,,,
,,,,,,,,,,,,,,,,,,,,,,,,,,,
,,,,,,,,,,,,,,,,,,,,,,,,,,,
,,,,,,,,,,,,,,,,,,,,,,,,,,,
,,,,,,,,,,,,,,,,,,,,,,,,,,,
,,,,,,,,,,,,,,,,,,,,,,,,,,,
,,,,,,,,,,,,,,,,,,,,,,,,,,,
,,,,,,,,,,,,,,,,,,,,,,,,,,,
,,,,,,,,,,,,,,,,,,,,,,,,,,,
,,,,,,,,,,,,,,,,,,,,,,,,,,,
,,,,,,,,,,,,,,,,,,,,,,,,,,,
,,,,,,,,,,,,,,,,,,,,,,,,,,,
,,,,,,,,,,,,,,,,,,,,,,,,,,,
,,,,,,,,,,,,,,,,,,,,,,,,,,,
,,,,,,,,,,,,,,,,,,,,,,,,,,,
,,,,,,,,,,,,,,,,,,,,,,,,,,,
,,,,,,,,,,,,,,,,,,,,,,,,,,,
,,,,,,,,,,,,,,,,,,,,,,,,,,,
,,,,,,,,,,,,,,,,,,,,,,,,,,,
,,,,,,,,,,,,,,,,,,,,,,,,,,,
,,,,,,,,,,,,,,,,,,,,,,,,,,,
,,,,,,,,,,,,,,,,,,,,,,,,,,,
,,,,,,,,,,,,,,,,,,,,,,,,,,,
,,,,,,,,,,,,,,,,,,,,,,,,,,,
,,,,,,,,,,,,,,,,,,,,,,,,,,,
,,,,,,,,,,,,,,,,,,,,,,,,,,,
,,,,,,,,,,,,,,,,,,,,,,,,,,,
,,,,,,,,,,,,,,,,,,,,,,,,,,,
,,,,,,,,,,,,,,,,,,,,,,,,,,,
,,,,,,,,,,,,,,,,,,,,,,,,,,,
,,,,,,,,,,,,,,,,,,,,,,,,,,,
,,,,,,,,,,,,,,,,,,,,,,,,,,,
,,,,,,,,,,,,,,,,,,,,,,,,,,,
,,,,,,,,,,,,,,,,,,,,,,,,,,,
,,,,,,,,,,,,,,,,,,,,,,,,,,,
,,,,,,,,,,,,,,,,,,,,,,,,,,,
,,,,,,,,,,,,,,,,,,,,,,,,,,,
,,,,,,,,,,,,,,,,,,,,,,,,,,,
,,,,,,,,,,,,,,,,,,,,,,,,,,,
,,,,,,,,,,,,,,,,,,,,,,,,,,,
,,,,,,,,,,,,,,,,,,,,,,,,,,,
,,,,,,,,,,,,,,,,,,,,,,,,,,,
,,,,,,,,,,,,,,,,,,,,,,,,,,,
,,,,,,,,,,,,,,,,,,,,,,,,,,,
,,,,,,,,,,,,,,,,,,,,,,,,,,,
,,,,,,,,,,,,,,,,,,,,,,,,,,,
,,,,,,,,,,,,,,,,,,,,,,,,,,,
,,,,,,,,,,,,,,,,,,,,,,,,,,,
,,,,,,,,,,,,,,,,,,,,,,,,,,,
,,,,,,,,,,,,,,,,,,,,,,,,,,,
,,,,,,,,,,,,,,,,,,,,,,,,,,,
,,,,,,,,,,,,,,,,,,,,,,,,,,,
,,,,,,,,,,,,,,,,,,,,,,,,,,,
,,,,,,,,,,,,,,,,,,,,,,,,,,,
,,,,,,,,,,,,,,,,,,,,,,,,,,,
,,,,,,,,,,,,,,,,,,,,,,,,,,,
,,,,,,,,,,,,,,,,,,,,,,,,,,,
,,,,,,,,,,,,,,,,,,,,,,,,,,,
,,,,,,,,,,,,,,,,,,,,,,,,,,,
,,,,,,,,,,,,,,,,,,,,,,,,,,,
,,,,,,,,,,,,,,,,,,,,,,,,,,,
,,,,,,,,,,,,,,,,,,,,,,,,,,,
,,,,,,,,,,,,,,,,,,,,,,,,,,,
,,,,,,,,,,,,,,,,,,,,,,,,,,,
,,,,,,,,,,,,,,,,,,,,,,,,,,,
,,,,,,,,,,,,,,,,,,,,,,,,,,,
,,,,,,,,,,,,,,,,,,,,,,,,,,,
,,,,,,,,,,,,,,,,,,,,,,,,,,,
,,,,,,,,,,,,,,,,,,,,,,,,,,,
,,,,,,,,,,,,,,,,,,,,,,,,,,,
,,,,,,,,,,,,,,,,,,,,,,,,,,,
,,,,,,,,,,,,,,,,,,,,,,,,,,,
,,,,,,,,,,,,,,,,,,,,,,,,,,,
,,,,,,,,,,,,,,,,,,,,,,,,,,,
,,,,,,,,,,,,,,,,,,,,,,,,,,,
,,,,,,,,,,,,,,,,,,,,,,,,,,,
,,,,,,,,,,,,,,,,,,,,,,,,,,,
,,,,,,,,,,,,,,,,,,,,,,,,,,,
,,,,,,,,,,,,,,,,,,,,,,,,,,,
,,,,,,,,,,,,,,,,,,,,,,,,,,,
,,,,,,,,,,,,,,,,,,,,,,,,,,,
,,,,,,,,,,,,,,,,,,,,,,,,,,,
,,,,,,,,,,,,,,,,,,,,,,,,,,,
,,,,,,,,,,,,,,,,,,,,,,,,,,,
,,,,,,,,,,,,,,,,,,,,,,,,,,,
,,,,,,,,,,,,,,,,,,,,,,,,,,,
,,,,,,,,,,,,,,,,,,,,,,,,,,,
,,,,,,,,,,,,,,,,,,,,,,,,,,,
,,,,,,,,,,,,,,,,,,,,,,,,,,,
,,,,,,,,,,,,,,,,,,,,,,,,,,,
,,,,,,,,,,,,,,,,,,,,,,,,,,,
,,,,,,,,,,,,,,,,,,,,,,,,,,,
,,,,,,,,,,,,,,,,,,,,,,,,,,,
,,,,,,,,,,,,,,,,,,,,,,,,,,,
,,,,,,,,,,,,,,,,,,,,,,,,,,,
,,,,,,,,,,,,,,,,,,,,,,,,,,,
,,,,,,,,,,,,,,,,,,,,,,,,,,,
,,,,,,,,,,,,,,,,,,,,,,,,,,,
,,,,,,,,,,,,,,,,,,,,,,,,,,,
,,,,,,,,,,,,,,,,,,,,,,,,,,,
,,,,,,,,,,,,,,,,,,,,,,,,,,,
,,,,,,,,,,,,,,,,,,,,,,,,,,,
,,,,,,,,,,,,,,,,,,,,,,,,,,,
,,,,,,,,,,,,,,,,,,,,,,,,,,,
,,,,,,,,,,,,,,,,,,,,,,,,,,,
,,,,,,,,,,,,,,,,,,,,,,,,,,,
,,,,,,,,,,,,,,,,,,,,,,,,,,,
,,,,,,,,,,,,,,,,,,,,,,,,,,,
,,,,,,,,,,,,,,,,,,,,,,,,,,,
,,,,,,,,,,,,,,,,,,,,,,,,,,,
,,,,,,,,,,,,,,,,,,,,,,,,,,,
,,,,,,,,,,,,,,,,,,,,,,,,,,,
,,,,,,,,,,,,,,,,,,,,,,,,,,,
,,,,,,,,,,,,,,,,,,,,,,,,,,,
,,,,,,,,,,,,,,,,,,,,,,,,,,,
,,,,,,,,,,,,,,,,,,,,,,,,,,,
,,,,,,,,,,,,,,,,,,,,,,,,,,,
,,,,,,,,,,,,,,,,,,,,,,,,,,,
,,,,,,,,,,,,,,,,,,,,,,,,,,,
,,,,,,,,,,,,,,,,,,,,,,,,,,,
,,,,,,,,,,,,,,,,,,,,,,,,,,,
,,,,,,,,,,,,,,,,,,,,,,,,,,,
,,,,,,,,,,,,,,,,,,,,,,,,,,,
,,,,,,,,,,,,,,,,,,,,,,,,,,,
,,,,,,,,,,,,,,,,,,,,,,,,,,,
,,,,,,,,,,,,,,,,,,,,,,,,,,,
,,,,,,,,,,,,,,,,,,,,,,,,,,,
,,,,,,,,,,,,,,,,,,,,,,,,,,,
,,,,,,,,,,,,,,,,,,,,,,,,,,,
,,,,,,,,,,,,,,,,,,,,,,,,,,,
,,,,,,,,,,,,,,,,,,,,,,,,,,,
,,,,,,,,,,,,,,,,,,,,,,,,,,,
,,,,,,,,,,,,,,,,,,,,,,,,,,,
,,,,,,,,,,,,,,,,,,,,,,,,,,,
,,,,,,,,,,,,,,,,,,,,,,,,,,,
,,,,,,,,,,,,,,,,,,,,,,,,,,,
,,,,,,,,,,,,,,,,,,,,,,,,,,,
,,,,,,,,,,,,,,,,,,,,,,,,,,,
,,,,,,,,,,,,,,,,,,,,,,,,,,,
,,,,,,,,,,,,,,,,,,,,,,,,,,,
,,,,,,,,,,,,,,,,,,,,,,,,,,,
,,,,,,,,,,,,,,,,,,,,,,,,,,,
,,,,,,,,,,,,,,,,,,,,,,,,,,,
,,,,,,,,,,,,,,,,,,,,,,,,,,,
,,,,,,,,,,,,,,,,,,,,,,,,,,,
,,,,,,,,,,,,,,,,,,,,,,,,,,,
,,,,,,,,,,,,,,,,,,,,,,,,,,,
,,,,,,,,,,,,,,,,,,,,,,,,,,,
,,,,,,,,,,,,,,,,,,,,,,,,,,,
,,,,,,,,,,,,,,,,,,,,,,,,,,,
,,,,,,,,,,,,,,,,,,,,,,,,,,,
,,,,,,,,,,,,,,,,,,,,,,,,,,,
,,,,,,,,,,,,,,,,,,,,,,,,,,,
,,,,,,,,,,,,,,,,,,,,,,,,,,,
,,,,,,,,,,,,,,,,,,,,,,,,,,,
,,,,,,,,,,,,,,,,,,,,,,,,,,,
,,,,,,,,,,,,,,,,,,,,,,,,,,,
,,,,,,,,,,,,,,,,,,,,,,,,,,,
,,,,,,,,,,,,,,,,,,,,,,,,,,,
,,,,,,,,,,,,,,,,,,,,,,,,,,,
,,,,,,,,,,,,,,,,,,,,,,,,,,,
,,,,,,,,,,,,,,,,,,,,,,,,,,,
,,,,,,,,,,,,,,,,,,,,,,,,,,,
,,,,,,,,,,,,,,,,,,,,,,,,,,,
,,,,,,,,,,,,,,,,,,,,,,,,,,,
,,,,,,,,,,,,,,,,,,,,,,,,,,,
,,,,,,,,,,,,,,,,,,,,,,,,,,,
,,,,,,,,,,,,,,,,,,,,,,,,,,,
,,,,,,,,,,,,,,,,,,,,,,,,,,,
,,,,,,,,,,,,,,,,,,,,,,,,,,,
,,,,,,,,,,,,,,,,,,,,,,,,,,,
,,,,,,,,,,,,,,,,,,,,,,,,,,,
,,,,,,,,,,,,,,,,,,,,,,,,,,,
,,,,,,,,,,,,,,,,,,,,,,,,,,,
,,,,,,,,,,,,,,,,,,,,,,,,,,,
,,,,,,,,,,,,,,,,,,,,,,,,,,,
,,,,,,,,,,,,,,,,,,,,,,,,,,,
,,,,,,,,,,,,,,,,,,,,,,,,,,,
,,,,,,,,,,,,,,,,,,,,,,,,,,,
,,,,,,,,,,,,,,,,,,,,,,,,,,,
,,,,,,,,,,,,,,,,,,,,,,,,,,,
,,,,,,,,,,,,,,,,,,,,,,,,,,,
,,,,,,,,,,,,,,,,,,,,,,,,,,,
,,,,,,,,,,,,,,,,,,,,,,,,,,,
,,,,,,,,,,,,,,,,,,,,,,,,,,,
,,,,,,,,,,,,,,,,,,,,,,,,,,,
,,,,,,,,,,,,,,,,,,,,,,,,,,,
,,,,,,,,,,,,,,,,,,,,,,,,,,,
,,,,,,,,,,,,,,,,,,,,,,,,,,,
,,,,,,,,,,,,,,,,,,,,,,,,,,,
,,,,,,,,,,,,,,,,,,,,,,,,,,,
,,,,,,,,,,,,,,,,,,,,,,,,,,,
,,,,,,,,,,,,,,,,,,,,,,,,,,,
,,,,,,,,,,,,,,,,,,,,,,,,,,,
,,,,,,,,,,,,,,,,,,,,,,,,,,,
,,,,,,,,,,,,,,,,,,,,,,,,,,,
,,,,,,,,,,,,,,,,,,,,,,,,,,,
,,,,,,,,,,,,,,,,,,,,,,,,,,,
,,,,,,,,,,,,,,,,,,,,,,,,,,,
,,,,,,,,,,,,,,,,,,,,,,,,,,,
,,,,,,,,,,,,,,,,,,,,,,,,,,,
,,,,,,,,,,,,,,,,,,,,,,,,,,,
,,,,,,,,,,,,,,,,,,,,,,,,,,,
,,,,,,,,,,,,,,,,,,,,,,,,,,,
,,,,,,,,,,,,,,,,,,,,,,,,,,,
,,,,,,,,,,,,,,,,,,,,,,,,,,,
,,,,,,,,,,,,,,,,,,,,,,,,,,,
,,,,,,,,,,,,,,,,,,,,,,,,,,,
,,,,,,,,,,,,,,,,,,,,,,,,,,,
,,,,,,,,,,,,,,,,,,,,,,,,,,,
,,,,,,,,,,,,,,,,,,,,,,,,,,,
,,,,,,,,,,,,,,,,,,,,,,,,,,,
,,,,,,,,,,,,,,,,,,,,,,,,,,,
,,,,,,,,,,,,,,,,,,,,,,,,,,,
,,,,,,,,,,,,,,,,,,,,,,,,,,,
,,,,,,,,,,,,,,,,,,,,,,,,,,,
,,,,,,,,,,,,,,,,,,,,,,,,,,,
,,,,,,,,,,,,,,,,,,,,,,,,,,,
,,,,,,,,,,,,,,,,,,,,,,,,,,,
,,,,,,,,,,,,,,,,,,,,,,,,,,,
,,,,,,,,,,,,,,,,,,,,,,,,,,,
,,,,,,,,,,,,,,,,,,,,,,,,,,,
,,,,,,,,,,,,,,,,,,,,,,,,,,,
,,,,,,,,,,,,,,,,,,,,,,,,,,,
,,,,,,,,,,,,,,,,,,,,,,,,,,,
,,,,,,,,,,,,,,,,,,,,,,,,,,,
,,,,,,,,,,,,,,,,,,,,,,,,,,,
,,,,,,,,,,,,,,,,,,,,,,,,,,,
,,,,,,,,,,,,,,,,,,,,,,,,,,,
,,,,,,,,,,,,,,,,,,,,,,,,,,,
,,,,,,,,,,,,,,,,,,,,,,,,,,,
,,,,,,,,,,,,,,,,,,,,,,,,,,,
,,,,,,,,,,,,,,,,,,,,,,,,,,,
,,,,,,,,,,,,,,,,,,,,,,,,,,,
,,,,,,,,,,,,,,,,,,,,,,,,,,,
,,,,,,,,,,,,,,,,,,,,,,,,,,,
,,,,,,,,,,,,,,,,,,,,,,,,,,,
,,,,,,,,,,,,,,,,,,,,,,,,,,,
,,,,,,,,,,,,,,,,,,,,,,,,,,,
,,,,,,,,,,,,,,,,,,,,,,,,,,,
,,,,,,,,,,,,,,,,,,,,,,,,,,,
,,,,,,,,,,,,,,,,,,,,,,,,,,,
,,,,,,,,,,,,,,,,,,,,,,,,,,,
,,,,,,,,,,,,,,,,,,,,,,,,,,,
,,,,,,,,,,,,,,,,,,,,,,,,,,,
,,,,,,,,,,,,,,,,,,,,,,,,,,,
,,,,,,,,,,,,,,,,,,,,,,,,,,,
,,,,,,,,,,,,,,,,,,,,,,,,,,,
,,,,,,,,,,,,,,,,,,,,,,,,,,,
,,,,,,,,,,,,,,,,,,,,,,,,,,,
,,,,,,,,,,,,,,,,,,,,,,,,,,,
,,,,,,,,,,,,,,,,,,,,,,,,,,,
,,,,,,,,,,,,,,,,,,,,,,,,,,,
,,,,,,,,,,,,,,,,,,,,,,,,,,,
,,,,,,,,,,,,,,,,,,,,,,,,,,,
,,,,,,,,,,,,,,,,,,,,,,,,,,,
,,,,,,,,,,,,,,,,,,,,,,,,,,,
,,,,,,,,,,,,,,,,,,,,,,,,,,,
,,,,,,,,,,,,,,,,,,,,,,,,,,,
,,,,,,,,,,,,,,,,,,,,,,,,,,,
,,,,,,,,,,,,,,,,,,,,,,,,,,,
,,,,,,,,,,,,,,,,,,,,,,,,,,,
,,,,,,,,,,,,,,,,,,,,,,,,,,,
,,,,,,,,,,,,,,,,,,,,,,,,,,,
,,,,,,,,,,,,,,,,,,,,,,,,,,,
,,,,,,,,,,,,,,,,,,,,,,,,,,,
,,,,,,,,,,,,,,,,,,,,,,,,,,,
,,,,,,,,,,,,,,,,,,,,,,,,,,,